,ID,Autor,Data,Texto,Link,Rede,Tipo,Curtidas,Comentários,Compart.,Hora,Curtidas Normalizadas,Class
466,267949976607343_613675303452823,Lula,2022-07-07,"No próximo sábado, 9 de julho, Lula estará na Praça da Moça, em Diadema (SP). Quer participar do evento? Se cadastre no link: https://lula.com.br/diadema-com-lula/ #equipeLula",https://www.facebook.com/532424834911204/posts/613675303452823,facebook,photo,10000,1684,1222,16:30:01,0.0401124,Advertising
467,267949976607343_613675303452823,Lula,2022-07-07,"No próximo sábado, 9 de julho, Lula estará na Praça da Moça, em Diadema (SP). Quer participar do evento? Se cadastre no link: https://lula.com.br/diadema-com-lula/ #equipeLula",https://www.facebook.com/532424834911204/posts/613675303452823,facebook,photo,10000,1684,1222,16:30:01,0.0401124,Suit
468,267949976607343_613675303452823,Lula,2022-07-07,"No próximo sábado, 9 de julho, Lula estará na Praça da Moça, em Diadema (SP). Quer participar do evento? Se cadastre no link: https://lula.com.br/diadema-com-lula/ #equipeLula",https://www.facebook.com/532424834911204/posts/613675303452823,facebook,photo,10000,1684,1222,16:30:01,0.0401124,Electric blue
469,267949976607343_613675303452823,Lula,2022-07-07,"No próximo sábado, 9 de julho, Lula estará na Praça da Moça, em Diadema (SP). Quer participar do evento? Se cadastre no link: https://lula.com.br/diadema-com-lula/ #equipeLula",https://www.facebook.com/532424834911204/posts/613675303452823,facebook,photo,10000,1684,1222,16:30:01,0.0401124,Happy
470,267949976607343_613675303452823,Lula,2022-07-07,"No próximo sábado, 9 de julho, Lula estará na Praça da Moça, em Diadema (SP). Quer participar do evento? Se cadastre no link: https://lula.com.br/diadema-com-lula/ #equipeLula",https://www.facebook.com/532424834911204/posts/613675303452823,facebook,photo,10000,1684,1222,16:30:01,0.0401124,Smile
471,267949976607343_613675303452823,Lula,2022-07-07,"No próximo sábado, 9 de julho, Lula estará na Praça da Moça, em Diadema (SP). Quer participar do evento? Se cadastre no link: https://lula.com.br/diadema-com-lula/ #equipeLula",https://www.facebook.com/532424834911204/posts/613675303452823,facebook,photo,10000,1684,1222,16:30:01,0.0401124,Book
472,267949976607343_613675303452823,Lula,2022-07-07,"No próximo sábado, 9 de julho, Lula estará na Praça da Moça, em Diadema (SP). Quer participar do evento? Se cadastre no link: https://lula.com.br/diadema-com-lula/ #equipeLula",https://www.facebook.com/532424834911204/posts/613675303452823,facebook,photo,10000,1684,1222,16:30:01,0.0401124,Publication
473,267949976607343_613675303452823,Lula,2022-07-07,"No próximo sábado, 9 de julho, Lula estará na Praça da Moça, em Diadema (SP). Quer participar do evento? Se cadastre no link: https://lula.com.br/diadema-com-lula/ #equipeLula",https://www.facebook.com/532424834911204/posts/613675303452823,facebook,photo,10000,1684,1222,16:30:01,0.0401124,Font
474,267949976607343_613675303452823,Lula,2022-07-07,"No próximo sábado, 9 de julho, Lula estará na Praça da Moça, em Diadema (SP). Quer participar do evento? Se cadastre no link: https://lula.com.br/diadema-com-lula/ #equipeLula",https://www.facebook.com/532424834911204/posts/613675303452823,facebook,photo,10000,1684,1222,16:30:01,0.0401124,1D barcode
475,267949976607343_613675303452823,Lula,2022-07-07,"No próximo sábado, 9 de julho, Lula estará na Praça da Moça, em Diadema (SP). Quer participar do evento? Se cadastre no link: https://lula.com.br/diadema-com-lula/ #equipeLula",https://www.facebook.com/532424834911204/posts/613675303452823,facebook,photo,10000,1684,1222,16:30:01,0.0401124,Poster
476,267949976607343_613675303452823,Lula,2022-07-07,"No próximo sábado, 9 de julho, Lula estará na Praça da Moça, em Diadema (SP). Quer participar do evento? Se cadastre no link: https://lula.com.br/diadema-com-lula/ #equipeLula",https://www.facebook.com/532424834911204/posts/613675303452823,facebook,photo,10000,1684,1222,16:30:01,0.0401124,World
871,267949976607343_619100159577004,Lula,2022-07-14,Faltam 80 dias! Lula dos anos 1980 já te convidava a participar da política. #equipeLula,https://www.facebook.com/532424834911204/posts/619100159577004,facebook,video,9781,1075,1689,12:07:46,0.0390904,People
872,267949976607343_619100159577004,Lula,2022-07-14,Faltam 80 dias! Lula dos anos 1980 já te convidava a participar da política. #equipeLula,https://www.facebook.com/532424834911204/posts/619100159577004,facebook,video,9781,1075,1689,12:07:46,0.0390904,Poster
873,267949976607343_619100159577004,Lula,2022-07-14,Faltam 80 dias! Lula dos anos 1980 já te convidava a participar da política. #equipeLula,https://www.facebook.com/532424834911204/posts/619100159577004,facebook,video,9781,1075,1689,12:07:46,0.0390904,Sleeve
874,267949976607343_619100159577004,Lula,2022-07-14,Faltam 80 dias! Lula dos anos 1980 já te convidava a participar da política. #equipeLula,https://www.facebook.com/532424834911204/posts/619100159577004,facebook,video,9781,1075,1689,12:07:46,0.0390904,Font
875,267949976607343_619100159577004,Lula,2022-07-14,Faltam 80 dias! Lula dos anos 1980 já te convidava a participar da política. #equipeLula,https://www.facebook.com/532424834911204/posts/619100159577004,facebook,video,9781,1075,1689,12:07:46,0.0390904,Human
876,267949976607343_619100159577004,Lula,2022-07-14,Faltam 80 dias! Lula dos anos 1980 já te convidava a participar da política. #equipeLula,https://www.facebook.com/532424834911204/posts/619100159577004,facebook,video,9781,1075,1689,12:07:46,0.0390904,Blurred
2530,267949976607343_642147010605652,Lula,2022-08-09,Dia dos Povos Indígenas: legado do PT e destruição de Bolsonaro! #equipeLula,https://www.facebook.com/532424834911204/posts/642147010605652,facebook,photo,3716,477,486,20:00:18,0.0107887,Advertising
2531,267949976607343_642147010605652,Lula,2022-08-09,Dia dos Povos Indígenas: legado do PT e destruição de Bolsonaro! #equipeLula,https://www.facebook.com/532424834911204/posts/642147010605652,facebook,photo,3716,477,486,20:00:18,0.0107887,Hat
2532,267949976607343_642147010605652,Lula,2022-08-09,Dia dos Povos Indígenas: legado do PT e destruição de Bolsonaro! #equipeLula,https://www.facebook.com/532424834911204/posts/642147010605652,facebook,photo,3716,477,486,20:00:18,0.0107887,Cap
2533,267949976607343_642147010605652,Lula,2022-08-09,Dia dos Povos Indígenas: legado do PT e destruição de Bolsonaro! #equipeLula,https://www.facebook.com/532424834911204/posts/642147010605652,facebook,photo,3716,477,486,20:00:18,0.0107887,Publication
2534,267949976607343_642147010605652,Lula,2022-08-09,Dia dos Povos Indígenas: legado do PT e destruição de Bolsonaro! #equipeLula,https://www.facebook.com/532424834911204/posts/642147010605652,facebook,photo,3716,477,486,20:00:18,0.0107887,Poster
2535,267949976607343_642147010605652,Lula,2022-08-09,Dia dos Povos Indígenas: legado do PT e destruição de Bolsonaro! #equipeLula,https://www.facebook.com/532424834911204/posts/642147010605652,facebook,photo,3716,477,486,20:00:18,0.0107887,Font
2536,267949976607343_642147010605652,Lula,2022-08-09,Dia dos Povos Indígenas: legado do PT e destruição de Bolsonaro! #equipeLula,https://www.facebook.com/532424834911204/posts/642147010605652,facebook,photo,3716,477,486,20:00:18,0.0107887,Happy
2537,267949976607343_642147010605652,Lula,2022-08-09,Dia dos Povos Indígenas: legado do PT e destruição de Bolsonaro! #equipeLula,https://www.facebook.com/532424834911204/posts/642147010605652,facebook,photo,3716,477,486,20:00:18,0.0107887,Gesture
2538,267949976607343_642147010605652,Lula,2022-08-09,Dia dos Povos Indígenas: legado do PT e destruição de Bolsonaro! #equipeLula,https://www.facebook.com/532424834911204/posts/642147010605652,facebook,photo,3716,477,486,20:00:18,0.0107887,Watch
2801,267949976607343_646240046863015,Lula,2022-08-14,"Um feliz dia dos pais. Com muito carinho, fraternidade, amor e esperança de dias melhores para o Brasil. 

??: Ricardo Stuckert",https://www.facebook.com/532424834911204/posts/646240046863015,facebook,video,10000,4960,2916,12:47:15,0.0401124,Dress shirt
2802,267949976607343_646240046863015,Lula,2022-08-14,"Um feliz dia dos pais. Com muito carinho, fraternidade, amor e esperança de dias melhores para o Brasil. 

??: Ricardo Stuckert",https://www.facebook.com/532424834911204/posts/646240046863015,facebook,video,10000,4960,2916,12:47:15,0.0401124,Thumb
2803,267949976607343_646240046863015,Lula,2022-08-14,"Um feliz dia dos pais. Com muito carinho, fraternidade, amor e esperança de dias melhores para o Brasil. 

??: Ricardo Stuckert",https://www.facebook.com/532424834911204/posts/646240046863015,facebook,video,10000,4960,2916,12:47:15,0.0401124,Publication
2804,267949976607343_646240046863015,Lula,2022-08-14,"Um feliz dia dos pais. Com muito carinho, fraternidade, amor e esperança de dias melhores para o Brasil. 

??: Ricardo Stuckert",https://www.facebook.com/532424834911204/posts/646240046863015,facebook,video,10000,4960,2916,12:47:15,0.0401124,Font
2805,267949976607343_646240046863015,Lula,2022-08-14,"Um feliz dia dos pais. Com muito carinho, fraternidade, amor e esperança de dias melhores para o Brasil. 

??: Ricardo Stuckert",https://www.facebook.com/532424834911204/posts/646240046863015,facebook,video,10000,4960,2916,12:47:15,0.0401124,Outerwear
2806,267949976607343_646240046863015,Lula,2022-08-14,"Um feliz dia dos pais. Com muito carinho, fraternidade, amor e esperança de dias melhores para o Brasil. 

??: Ricardo Stuckert",https://www.facebook.com/532424834911204/posts/646240046863015,facebook,video,10000,4960,2916,12:47:15,0.0401124,Gesture
2807,267949976607343_646240046863015,Lula,2022-08-14,"Um feliz dia dos pais. Com muito carinho, fraternidade, amor e esperança de dias melhores para o Brasil. 

??: Ricardo Stuckert",https://www.facebook.com/532424834911204/posts/646240046863015,facebook,video,10000,4960,2916,12:47:15,0.0401124,Beard
2808,267949976607343_646240046863015,Lula,2022-08-14,"Um feliz dia dos pais. Com muito carinho, fraternidade, amor e esperança de dias melhores para o Brasil. 

??: Ricardo Stuckert",https://www.facebook.com/532424834911204/posts/646240046863015,facebook,video,10000,4960,2916,12:47:15,0.0401124,Person
2809,267949976607343_646240046863015,Lula,2022-08-14,"Um feliz dia dos pais. Com muito carinho, fraternidade, amor e esperança de dias melhores para o Brasil. 

??: Ricardo Stuckert",https://www.facebook.com/532424834911204/posts/646240046863015,facebook,video,10000,4960,2916,12:47:15,0.0401124,Human
2810,267949976607343_646240046863015,Lula,2022-08-14,"Um feliz dia dos pais. Com muito carinho, fraternidade, amor e esperança de dias melhores para o Brasil. 

??: Ricardo Stuckert",https://www.facebook.com/532424834911204/posts/646240046863015,facebook,video,10000,4960,2916,12:47:15,0.0401124,Chin
2811,267949976607343_646240046863015,Lula,2022-08-14,"Um feliz dia dos pais. Com muito carinho, fraternidade, amor e esperança de dias melhores para o Brasil. 

??: Ricardo Stuckert",https://www.facebook.com/532424834911204/posts/646240046863015,facebook,video,10000,4960,2916,12:47:15,0.0401124,Forehead
2812,267949976607343_646240046863015,Lula,2022-08-14,"Um feliz dia dos pais. Com muito carinho, fraternidade, amor e esperança de dias melhores para o Brasil. 

??: Ricardo Stuckert",https://www.facebook.com/532424834911204/posts/646240046863015,facebook,video,10000,4960,2916,12:47:15,0.0401124,Clothing
2813,267949976607343_646357376851282,Lula,2022-08-14,"Beagá, semana que vem tem Lula na cidade! Já registrou sua presença? Preencha o formulário no link pra não perder nenhuma novidade! https://lula.com.br/bh-com-lula/?? #EquipeLula",https://www.facebook.com/532424834911204/posts/646357376851282,facebook,video,10000,2688,1489,15:00:06,0.0401124,Person
2814,267949976607343_646357376851282,Lula,2022-08-14,"Beagá, semana que vem tem Lula na cidade! Já registrou sua presença? Preencha o formulário no link pra não perder nenhuma novidade! https://lula.com.br/bh-com-lula/?? #EquipeLula",https://www.facebook.com/532424834911204/posts/646357376851282,facebook,video,10000,2688,1489,15:00:06,0.0401124,Happy
2815,267949976607343_646357376851282,Lula,2022-08-14,"Beagá, semana que vem tem Lula na cidade! Já registrou sua presença? Preencha o formulário no link pra não perder nenhuma novidade! https://lula.com.br/bh-com-lula/?? #EquipeLula",https://www.facebook.com/532424834911204/posts/646357376851282,facebook,video,10000,2688,1489,15:00:06,0.0401124,Hat
2816,267949976607343_646357376851282,Lula,2022-08-14,"Beagá, semana que vem tem Lula na cidade! Já registrou sua presença? Preencha o formulário no link pra não perder nenhuma novidade! https://lula.com.br/bh-com-lula/?? #EquipeLula",https://www.facebook.com/532424834911204/posts/646357376851282,facebook,video,10000,2688,1489,15:00:06,0.0401124,Clothing
2817,267949976607343_646357376851282,Lula,2022-08-14,"Beagá, semana que vem tem Lula na cidade! Já registrou sua presença? Preencha o formulário no link pra não perder nenhuma novidade! https://lula.com.br/bh-com-lula/?? #EquipeLula",https://www.facebook.com/532424834911204/posts/646357376851282,facebook,video,10000,2688,1489,15:00:06,0.0401124,News
2818,267949976607343_646357376851282,Lula,2022-08-14,"Beagá, semana que vem tem Lula na cidade! Já registrou sua presença? Preencha o formulário no link pra não perder nenhuma novidade! https://lula.com.br/bh-com-lula/?? #EquipeLula",https://www.facebook.com/532424834911204/posts/646357376851282,facebook,video,10000,2688,1489,15:00:06,0.0401124,Newspaper
2819,267949976607343_646357376851282,Lula,2022-08-14,"Beagá, semana que vem tem Lula na cidade! Já registrou sua presença? Preencha o formulário no link pra não perder nenhuma novidade! https://lula.com.br/bh-com-lula/?? #EquipeLula",https://www.facebook.com/532424834911204/posts/646357376851282,facebook,video,10000,2688,1489,15:00:06,0.0401124,Community
2820,267949976607343_646357376851282,Lula,2022-08-14,"Beagá, semana que vem tem Lula na cidade! Já registrou sua presença? Preencha o formulário no link pra não perder nenhuma novidade! https://lula.com.br/bh-com-lula/?? #EquipeLula",https://www.facebook.com/532424834911204/posts/646357376851282,facebook,video,10000,2688,1489,15:00:06,0.0401124,Font
2821,267949976607343_646357376851282,Lula,2022-08-14,"Beagá, semana que vem tem Lula na cidade! Já registrou sua presença? Preencha o formulário no link pra não perder nenhuma novidade! https://lula.com.br/bh-com-lula/?? #EquipeLula",https://www.facebook.com/532424834911204/posts/646357376851282,facebook,video,10000,2688,1489,15:00:06,0.0401124,Publication
2822,267949976607343_646357376851282,Lula,2022-08-14,"Beagá, semana que vem tem Lula na cidade! Já registrou sua presença? Preencha o formulário no link pra não perder nenhuma novidade! https://lula.com.br/bh-com-lula/?? #EquipeLula",https://www.facebook.com/532424834911204/posts/646357376851282,facebook,video,10000,2688,1489,15:00:06,0.0401124,Human
2823,267949976607343_646357376851282,Lula,2022-08-14,"Beagá, semana que vem tem Lula na cidade! Já registrou sua presença? Preencha o formulário no link pra não perder nenhuma novidade! https://lula.com.br/bh-com-lula/?? #EquipeLula",https://www.facebook.com/532424834911204/posts/646357376851282,facebook,video,10000,2688,1489,15:00:06,0.0401124,Product
2824,267949976607343_646357376851282,Lula,2022-08-14,"Beagá, semana que vem tem Lula na cidade! Já registrou sua presença? Preencha o formulário no link pra não perder nenhuma novidade! https://lula.com.br/bh-com-lula/?? #EquipeLula",https://www.facebook.com/532424834911204/posts/646357376851282,facebook,video,10000,2688,1489,15:00:06,0.0401124,Facial expression
2825,267949976607343_646357376851282,Lula,2022-08-14,"Beagá, semana que vem tem Lula na cidade! Já registrou sua presença? Preencha o formulário no link pra não perder nenhuma novidade! https://lula.com.br/bh-com-lula/?? #EquipeLula",https://www.facebook.com/532424834911204/posts/646357376851282,facebook,video,10000,2688,1489,15:00:06,0.0401124,Joy
2917,267949976607343_647592730061080,Lula,2022-08-15,"Linda noite na USP.

??: Ricardo Stuckert",https://www.facebook.com/532424834911204/posts/647592730061080,facebook,photo,10058,1736,2179,20:01:56,0.040383,Plant
2918,267949976607343_647592730061080,Lula,2022-08-15,"Linda noite na USP.

??: Ricardo Stuckert",https://www.facebook.com/532424834911204/posts/647592730061080,facebook,photo,10058,1736,2179,20:01:56,0.040383,Event
2919,267949976607343_647592730061080,Lula,2022-08-15,"Linda noite na USP.

??: Ricardo Stuckert",https://www.facebook.com/532424834911204/posts/647592730061080,facebook,photo,10058,1736,2179,20:01:56,0.040383,Sky
2920,267949976607343_647592730061080,Lula,2022-08-15,"Linda noite na USP.

??: Ricardo Stuckert",https://www.facebook.com/532424834911204/posts/647592730061080,facebook,photo,10058,1736,2179,20:01:56,0.040383,Crowd
2921,267949976607343_647592730061080,Lula,2022-08-15,"Linda noite na USP.

??: Ricardo Stuckert",https://www.facebook.com/532424834911204/posts/647592730061080,facebook,photo,10058,1736,2179,20:01:56,0.040383,City
2922,267949976607343_647592730061080,Lula,2022-08-15,"Linda noite na USP.

??: Ricardo Stuckert",https://www.facebook.com/532424834911204/posts/647592730061080,facebook,photo,10058,1736,2179,20:01:56,0.040383,Landscape
2923,267949976607343_647592730061080,Lula,2022-08-15,"Linda noite na USP.

??: Ricardo Stuckert",https://www.facebook.com/532424834911204/posts/647592730061080,facebook,photo,10058,1736,2179,20:01:56,0.040383,Urban design
2924,267949976607343_647592730061080,Lula,2022-08-15,"Linda noite na USP.

??: Ricardo Stuckert",https://www.facebook.com/532424834911204/posts/647592730061080,facebook,photo,10058,1736,2179,20:01:56,0.040383,World
2925,267949976607343_647592730061080,Lula,2022-08-15,"Linda noite na USP.

??: Ricardo Stuckert",https://www.facebook.com/532424834911204/posts/647592730061080,facebook,photo,10058,1736,2179,20:01:56,0.040383,Light
3002,267949976607343_648050676681952,Lula,2022-08-16,Bom dia. #BrasilDaEsperança,https://www.facebook.com/532424834911204/posts/648050676681952,facebook,photo,10000,1302,1143,09:03:33,0.0401124,Font
3003,267949976607343_648050676681952,Lula,2022-08-16,Bom dia. #BrasilDaEsperança,https://www.facebook.com/532424834911204/posts/648050676681952,facebook,photo,10000,1302,1143,09:03:33,0.0401124,Person
3004,267949976607343_648050676681952,Lula,2022-08-16,Bom dia. #BrasilDaEsperança,https://www.facebook.com/532424834911204/posts/648050676681952,facebook,photo,10000,1302,1143,09:03:33,0.0401124,Joy
3111,267949976607343_649422056544814,Lula,2022-08-17,"A reconstrução do Brasil é uma responsabilidade nossa. Precisamos, juntos, defender o país que sonhamos, sem fome e com vida digna pro nosso povo. #BrasilDaEsperança

??: Ricardo Stuckert",https://www.facebook.com/532424834911204/posts/649422056544814,facebook,video,12671,2834,1494,14:00:02,0.0525763,Person
3112,267949976607343_649422056544814,Lula,2022-08-17,"A reconstrução do Brasil é uma responsabilidade nossa. Precisamos, juntos, defender o país que sonhamos, sem fome e com vida digna pro nosso povo. #BrasilDaEsperança

??: Ricardo Stuckert",https://www.facebook.com/532424834911204/posts/649422056544814,facebook,video,12671,2834,1494,14:00:02,0.0525763,Happy
3113,267949976607343_649422056544814,Lula,2022-08-17,"A reconstrução do Brasil é uma responsabilidade nossa. Precisamos, juntos, defender o país que sonhamos, sem fome e com vida digna pro nosso povo. #BrasilDaEsperança

??: Ricardo Stuckert",https://www.facebook.com/532424834911204/posts/649422056544814,facebook,video,12671,2834,1494,14:00:02,0.0525763,Font
3114,267949976607343_649422056544814,Lula,2022-08-17,"A reconstrução do Brasil é uma responsabilidade nossa. Precisamos, juntos, defender o país que sonhamos, sem fome e com vida digna pro nosso povo. #BrasilDaEsperança

??: Ricardo Stuckert",https://www.facebook.com/532424834911204/posts/649422056544814,facebook,video,12671,2834,1494,14:00:02,0.0525763,Gesture
3115,267949976607343_649422056544814,Lula,2022-08-17,"A reconstrução do Brasil é uma responsabilidade nossa. Precisamos, juntos, defender o país que sonhamos, sem fome e com vida digna pro nosso povo. #BrasilDaEsperança

??: Ricardo Stuckert",https://www.facebook.com/532424834911204/posts/649422056544814,facebook,video,12671,2834,1494,14:00:02,0.0525763,World
3283,267949976607343_651104289709924,Lula,2022-08-18,"Estou voltando porque quero cuidar do povo brasileiro. E sei que não estarei sozinho. 

Boa noite e até amanhã. 

??: Ricardo Stuckert",https://www.facebook.com/532424834911204/posts/651104289709924,facebook,video,43644,8317,7395,23:30:47,0.1971087,Event
3284,267949976607343_651104289709924,Lula,2022-08-18,"Estou voltando porque quero cuidar do povo brasileiro. E sei que não estarei sozinho. 

Boa noite e até amanhã. 

??: Ricardo Stuckert",https://www.facebook.com/532424834911204/posts/651104289709924,facebook,video,43644,8317,7395,23:30:47,0.1971087,Space
3285,267949976607343_651104289709924,Lula,2022-08-18,"Estou voltando porque quero cuidar do povo brasileiro. E sei que não estarei sozinho. 

Boa noite e até amanhã. 

??: Ricardo Stuckert",https://www.facebook.com/532424834911204/posts/651104289709924,facebook,video,43644,8317,7395,23:30:47,0.1971087,City
3286,267949976607343_651104289709924,Lula,2022-08-18,"Estou voltando porque quero cuidar do povo brasileiro. E sei que não estarei sozinho. 

Boa noite e até amanhã. 

??: Ricardo Stuckert",https://www.facebook.com/532424834911204/posts/651104289709924,facebook,video,43644,8317,7395,23:30:47,0.1971087,Font
3287,267949976607343_651104289709924,Lula,2022-08-18,"Estou voltando porque quero cuidar do povo brasileiro. E sei que não estarei sozinho. 

Boa noite e até amanhã. 

??: Ricardo Stuckert",https://www.facebook.com/532424834911204/posts/651104289709924,facebook,video,43644,8317,7395,23:30:47,0.1971087,Rectangle
3288,267949976607343_651104289709924,Lula,2022-08-18,"Estou voltando porque quero cuidar do povo brasileiro. E sei que não estarei sozinho. 

Boa noite e até amanhã. 

??: Ricardo Stuckert",https://www.facebook.com/532424834911204/posts/651104289709924,facebook,video,43644,8317,7395,23:30:47,0.1971087,Art
3289,267949976607343_651104289709924,Lula,2022-08-18,"Estou voltando porque quero cuidar do povo brasileiro. E sei que não estarei sozinho. 

Boa noite e até amanhã. 

??: Ricardo Stuckert",https://www.facebook.com/532424834911204/posts/651104289709924,facebook,video,43644,8317,7395,23:30:47,0.1971087,Entertainment
3290,267949976607343_651104289709924,Lula,2022-08-18,"Estou voltando porque quero cuidar do povo brasileiro. E sei que não estarei sozinho. 

Boa noite e até amanhã. 

??: Ricardo Stuckert",https://www.facebook.com/532424834911204/posts/651104289709924,facebook,video,43644,8317,7395,23:30:47,0.1971087,Urban design
3291,267949976607343_651104289709924,Lula,2022-08-18,"Estou voltando porque quero cuidar do povo brasileiro. E sei que não estarei sozinho. 

Boa noite e até amanhã. 

??: Ricardo Stuckert",https://www.facebook.com/532424834911204/posts/651104289709924,facebook,video,43644,8317,7395,23:30:47,0.1971087,World
3765,267949976607343_659022645584755,Lula,2022-08-25,"Nós vamos retomar todas as obras que tiverem condições de serem retomadas. A geração de empregos, pra mim, é uma obsessão. 

?? Ricardo Stuckert",https://www.facebook.com/532424834911204/posts/659022645584755,facebook,video,10000,1711,1161,15:00:06,0.0401124,Blazer
3766,267949976607343_659022645584755,Lula,2022-08-25,"Nós vamos retomar todas as obras que tiverem condições de serem retomadas. A geração de empregos, pra mim, é uma obsessão. 

?? Ricardo Stuckert",https://www.facebook.com/532424834911204/posts/659022645584755,facebook,video,10000,1711,1161,15:00:06,0.0401124,Publication
3767,267949976607343_659022645584755,Lula,2022-08-25,"Nós vamos retomar todas as obras que tiverem condições de serem retomadas. A geração de empregos, pra mim, é uma obsessão. 

?? Ricardo Stuckert",https://www.facebook.com/532424834911204/posts/659022645584755,facebook,video,10000,1711,1161,15:00:06,0.0401124,Font
3768,267949976607343_659022645584755,Lula,2022-08-25,"Nós vamos retomar todas as obras que tiverem condições de serem retomadas. A geração de empregos, pra mim, é uma obsessão. 

?? Ricardo Stuckert",https://www.facebook.com/532424834911204/posts/659022645584755,facebook,video,10000,1711,1161,15:00:06,0.0401124,News
3769,267949976607343_659022645584755,Lula,2022-08-25,"Nós vamos retomar todas as obras que tiverem condições de serem retomadas. A geração de empregos, pra mim, é uma obsessão. 

?? Ricardo Stuckert",https://www.facebook.com/532424834911204/posts/659022645584755,facebook,video,10000,1711,1161,15:00:06,0.0401124,Gesture
3770,267949976607343_659022645584755,Lula,2022-08-25,"Nós vamos retomar todas as obras que tiverem condições de serem retomadas. A geração de empregos, pra mim, é uma obsessão. 

?? Ricardo Stuckert",https://www.facebook.com/532424834911204/posts/659022645584755,facebook,video,10000,1711,1161,15:00:06,0.0401124,Tie
3771,267949976607343_659022645584755,Lula,2022-08-25,"Nós vamos retomar todas as obras que tiverem condições de serem retomadas. A geração de empregos, pra mim, é uma obsessão. 

?? Ricardo Stuckert",https://www.facebook.com/532424834911204/posts/659022645584755,facebook,video,10000,1711,1161,15:00:06,0.0401124,Person
3772,267949976607343_659022645584755,Lula,2022-08-25,"Nós vamos retomar todas as obras que tiverem condições de serem retomadas. A geração de empregos, pra mim, é uma obsessão. 

?? Ricardo Stuckert",https://www.facebook.com/532424834911204/posts/659022645584755,facebook,video,10000,1711,1161,15:00:06,0.0401124,Facial expression
3773,267949976607343_659022645584755,Lula,2022-08-25,"Nós vamos retomar todas as obras que tiverem condições de serem retomadas. A geração de empregos, pra mim, é uma obsessão. 

?? Ricardo Stuckert",https://www.facebook.com/532424834911204/posts/659022645584755,facebook,video,10000,1711,1161,15:00:06,0.0401124,Smile
3774,267949976607343_659022645584755,Lula,2022-08-25,"Nós vamos retomar todas as obras que tiverem condições de serem retomadas. A geração de empregos, pra mim, é uma obsessão. 

?? Ricardo Stuckert",https://www.facebook.com/532424834911204/posts/659022645584755,facebook,video,10000,1711,1161,15:00:06,0.0401124,Clothing
3775,267949976607343_659022645584755,Lula,2022-08-25,"Nós vamos retomar todas as obras que tiverem condições de serem retomadas. A geração de empregos, pra mim, é uma obsessão. 

?? Ricardo Stuckert",https://www.facebook.com/532424834911204/posts/659022645584755,facebook,video,10000,1711,1161,15:00:06,0.0401124,Joy
4806,267949976607343_671047391048947,Lula,2022-09-06,Bom dia. #FalaLula #BrasilDaEsperança,https://www.facebook.com/532424834911204/posts/671047391048947,facebook,photo,10000,2335,2015,08:07:24,0.0401124,Font
4807,267949976607343_671047391048947,Lula,2022-09-06,Bom dia. #FalaLula #BrasilDaEsperança,https://www.facebook.com/532424834911204/posts/671047391048947,facebook,photo,10000,2335,2015,08:07:24,0.0401124,Joy
5220,267949976607343_676197747200578,Lula,2022-09-10,Boa noite. #FalaLula #BrasilDaEsperança,https://www.facebook.com/532424834911204/posts/676197747200578,facebook,photo,15035,1500,2191,22:15:00,0.0636077,Event
5221,267949976607343_676197747200578,Lula,2022-09-10,Boa noite. #FalaLula #BrasilDaEsperança,https://www.facebook.com/532424834911204/posts/676197747200578,facebook,photo,15035,1500,2191,22:15:00,0.0636077,Poster
5222,267949976607343_676197747200578,Lula,2022-09-10,Boa noite. #FalaLula #BrasilDaEsperança,https://www.facebook.com/532424834911204/posts/676197747200578,facebook,photo,15035,1500,2191,22:15:00,0.0636077,Tree
5223,267949976607343_676197747200578,Lula,2022-09-10,Boa noite. #FalaLula #BrasilDaEsperança,https://www.facebook.com/532424834911204/posts/676197747200578,facebook,photo,15035,1500,2191,22:15:00,0.0636077,Suit
5224,267949976607343_676197747200578,Lula,2022-09-10,Boa noite. #FalaLula #BrasilDaEsperança,https://www.facebook.com/532424834911204/posts/676197747200578,facebook,photo,15035,1500,2191,22:15:00,0.0636077,Plant
5225,267949976607343_676197747200578,Lula,2022-09-10,Boa noite. #FalaLula #BrasilDaEsperança,https://www.facebook.com/532424834911204/posts/676197747200578,facebook,photo,15035,1500,2191,22:15:00,0.0636077,Pants
5226,267949976607343_676197747200578,Lula,2022-09-10,Boa noite. #FalaLula #BrasilDaEsperança,https://www.facebook.com/532424834911204/posts/676197747200578,facebook,photo,15035,1500,2191,22:15:00,0.0636077,Adaptation
5227,267949976607343_676197747200578,Lula,2022-09-10,Boa noite. #FalaLula #BrasilDaEsperança,https://www.facebook.com/532424834911204/posts/676197747200578,facebook,photo,15035,1500,2191,22:15:00,0.0636077,Font
5228,267949976607343_676197747200578,Lula,2022-09-10,Boa noite. #FalaLula #BrasilDaEsperança,https://www.facebook.com/532424834911204/posts/676197747200578,facebook,photo,15035,1500,2191,22:15:00,0.0636077,Organism
5229,267949976607343_676197747200578,Lula,2022-09-10,Boa noite. #FalaLula #BrasilDaEsperança,https://www.facebook.com/532424834911204/posts/676197747200578,facebook,photo,15035,1500,2191,22:15:00,0.0636077,World
5230,267949976607343_676197747200578,Lula,2022-09-10,Boa noite. #FalaLula #BrasilDaEsperança,https://www.facebook.com/532424834911204/posts/676197747200578,facebook,photo,15035,1500,2191,22:15:00,0.0636077,Blurred
5231,267949976607343_676197747200578,Lula,2022-09-10,Boa noite. #FalaLula #BrasilDaEsperança,https://www.facebook.com/532424834911204/posts/676197747200578,facebook,photo,15035,1500,2191,22:15:00,0.0636077,Sad
5448,267949976607343_679422170211469,Lula,2022-09-13,"É 13, É 13, É 13!

Agora todo dia é 13: bota a toalha do Lula para desfilar e vem fazer o L pelo Brasil! #EquipeLula #Lula13 #BrasilDaEsperança #LulaNoPrimeiroTurno",https://www.facebook.com/532424834911204/posts/679422170211469,facebook,video,10862,1401,2352,13:30:02,0.0441348,Publication
5449,267949976607343_679422170211469,Lula,2022-09-13,"É 13, É 13, É 13!

Agora todo dia é 13: bota a toalha do Lula para desfilar e vem fazer o L pelo Brasil! #EquipeLula #Lula13 #BrasilDaEsperança #LulaNoPrimeiroTurno",https://www.facebook.com/532424834911204/posts/679422170211469,facebook,video,10862,1401,2352,13:30:02,0.0441348,Morning
5450,267949976607343_679422170211469,Lula,2022-09-13,"É 13, É 13, É 13!

Agora todo dia é 13: bota a toalha do Lula para desfilar e vem fazer o L pelo Brasil! #EquipeLula #Lula13 #BrasilDaEsperança #LulaNoPrimeiroTurno",https://www.facebook.com/532424834911204/posts/679422170211469,facebook,video,10862,1401,2352,13:30:02,0.0441348,Adaptation
5451,267949976607343_679422170211469,Lula,2022-09-13,"É 13, É 13, É 13!

Agora todo dia é 13: bota a toalha do Lula para desfilar e vem fazer o L pelo Brasil! #EquipeLula #Lula13 #BrasilDaEsperança #LulaNoPrimeiroTurno",https://www.facebook.com/532424834911204/posts/679422170211469,facebook,video,10862,1401,2352,13:30:02,0.0441348,Person
5452,267949976607343_679422170211469,Lula,2022-09-13,"É 13, É 13, É 13!

Agora todo dia é 13: bota a toalha do Lula para desfilar e vem fazer o L pelo Brasil! #EquipeLula #Lula13 #BrasilDaEsperança #LulaNoPrimeiroTurno",https://www.facebook.com/532424834911204/posts/679422170211469,facebook,video,10862,1401,2352,13:30:02,0.0441348,Font
5453,267949976607343_679422170211469,Lula,2022-09-13,"É 13, É 13, É 13!

Agora todo dia é 13: bota a toalha do Lula para desfilar e vem fazer o L pelo Brasil! #EquipeLula #Lula13 #BrasilDaEsperança #LulaNoPrimeiroTurno",https://www.facebook.com/532424834911204/posts/679422170211469,facebook,video,10862,1401,2352,13:30:02,0.0441348,Organism
5454,267949976607343_679422170211469,Lula,2022-09-13,"É 13, É 13, É 13!

Agora todo dia é 13: bota a toalha do Lula para desfilar e vem fazer o L pelo Brasil! #EquipeLula #Lula13 #BrasilDaEsperança #LulaNoPrimeiroTurno",https://www.facebook.com/532424834911204/posts/679422170211469,facebook,video,10862,1401,2352,13:30:02,0.0441348,World
5455,267949976607343_679422170211469,Lula,2022-09-13,"É 13, É 13, É 13!

Agora todo dia é 13: bota a toalha do Lula para desfilar e vem fazer o L pelo Brasil! #EquipeLula #Lula13 #BrasilDaEsperança #LulaNoPrimeiroTurno",https://www.facebook.com/532424834911204/posts/679422170211469,facebook,video,10862,1401,2352,13:30:02,0.0441348,Natural environment
5456,267949976607343_679422170211469,Lula,2022-09-13,"É 13, É 13, É 13!

Agora todo dia é 13: bota a toalha do Lula para desfilar e vem fazer o L pelo Brasil! #EquipeLula #Lula13 #BrasilDaEsperança #LulaNoPrimeiroTurno",https://www.facebook.com/532424834911204/posts/679422170211469,facebook,video,10862,1401,2352,13:30:02,0.0441348,Nature
5718,267949976607343_682285013258518,Lula,2022-09-16,"Nesse país, a gente tem milhares de crianças de até 10 anos de idade que não estão comendo as calorias e proteínas necessárias para elas crescerem de forma saudável. A gente tirou o Brasil do Mapa da Fome e vamos fazer de novo.

Vídeo: Ricardo Stuckert 

#BrasilDaEsperança #Lula13 #LulaNoPrimeiroTurno",https://www.facebook.com/532424834911204/posts/682285013258518,facebook,video,18090,3464,4893,16:00:01,0.0778635,Happy
5719,267949976607343_682285013258518,Lula,2022-09-16,"Nesse país, a gente tem milhares de crianças de até 10 anos de idade que não estão comendo as calorias e proteínas necessárias para elas crescerem de forma saudável. A gente tirou o Brasil do Mapa da Fome e vamos fazer de novo.

Vídeo: Ricardo Stuckert 

#BrasilDaEsperança #Lula13 #LulaNoPrimeiroTurno",https://www.facebook.com/532424834911204/posts/682285013258518,facebook,video,18090,3464,4893,16:00:01,0.0778635,Poster
5720,267949976607343_682285013258518,Lula,2022-09-16,"Nesse país, a gente tem milhares de crianças de até 10 anos de idade que não estão comendo as calorias e proteínas necessárias para elas crescerem de forma saudável. A gente tirou o Brasil do Mapa da Fome e vamos fazer de novo.

Vídeo: Ricardo Stuckert 

#BrasilDaEsperança #Lula13 #LulaNoPrimeiroTurno",https://www.facebook.com/532424834911204/posts/682285013258518,facebook,video,18090,3464,4893,16:00:01,0.0778635,Event
5721,267949976607343_682285013258518,Lula,2022-09-16,"Nesse país, a gente tem milhares de crianças de até 10 anos de idade que não estão comendo as calorias e proteínas necessárias para elas crescerem de forma saudável. A gente tirou o Brasil do Mapa da Fome e vamos fazer de novo.

Vídeo: Ricardo Stuckert 

#BrasilDaEsperança #Lula13 #LulaNoPrimeiroTurno",https://www.facebook.com/532424834911204/posts/682285013258518,facebook,video,18090,3464,4893,16:00:01,0.0778635,Publication
5722,267949976607343_682285013258518,Lula,2022-09-16,"Nesse país, a gente tem milhares de crianças de até 10 anos de idade que não estão comendo as calorias e proteínas necessárias para elas crescerem de forma saudável. A gente tirou o Brasil do Mapa da Fome e vamos fazer de novo.

Vídeo: Ricardo Stuckert 

#BrasilDaEsperança #Lula13 #LulaNoPrimeiroTurno",https://www.facebook.com/532424834911204/posts/682285013258518,facebook,video,18090,3464,4893,16:00:01,0.0778635,Entertainment
5723,267949976607343_682285013258518,Lula,2022-09-16,"Nesse país, a gente tem milhares de crianças de até 10 anos de idade que não estão comendo as calorias e proteínas necessárias para elas crescerem de forma saudável. A gente tirou o Brasil do Mapa da Fome e vamos fazer de novo.

Vídeo: Ricardo Stuckert 

#BrasilDaEsperança #Lula13 #LulaNoPrimeiroTurno",https://www.facebook.com/532424834911204/posts/682285013258518,facebook,video,18090,3464,4893,16:00:01,0.0778635,Font
5724,267949976607343_682285013258518,Lula,2022-09-16,"Nesse país, a gente tem milhares de crianças de até 10 anos de idade que não estão comendo as calorias e proteínas necessárias para elas crescerem de forma saudável. A gente tirou o Brasil do Mapa da Fome e vamos fazer de novo.

Vídeo: Ricardo Stuckert 

#BrasilDaEsperança #Lula13 #LulaNoPrimeiroTurno",https://www.facebook.com/532424834911204/posts/682285013258518,facebook,video,18090,3464,4893,16:00:01,0.0778635,Interaction
5725,267949976607343_682285013258518,Lula,2022-09-16,"Nesse país, a gente tem milhares de crianças de até 10 anos de idade que não estão comendo as calorias e proteínas necessárias para elas crescerem de forma saudável. A gente tirou o Brasil do Mapa da Fome e vamos fazer de novo.

Vídeo: Ricardo Stuckert 

#BrasilDaEsperança #Lula13 #LulaNoPrimeiroTurno",https://www.facebook.com/532424834911204/posts/682285013258518,facebook,video,18090,3464,4893,16:00:01,0.0778635,Gesture
5726,267949976607343_682285013258518,Lula,2022-09-16,"Nesse país, a gente tem milhares de crianças de até 10 anos de idade que não estão comendo as calorias e proteínas necessárias para elas crescerem de forma saudável. A gente tirou o Brasil do Mapa da Fome e vamos fazer de novo.

Vídeo: Ricardo Stuckert 

#BrasilDaEsperança #Lula13 #LulaNoPrimeiroTurno",https://www.facebook.com/532424834911204/posts/682285013258518,facebook,video,18090,3464,4893,16:00:01,0.0778635,Product
5727,267949976607343_682285013258518,Lula,2022-09-16,"Nesse país, a gente tem milhares de crianças de até 10 anos de idade que não estão comendo as calorias e proteínas necessárias para elas crescerem de forma saudável. A gente tirou o Brasil do Mapa da Fome e vamos fazer de novo.

Vídeo: Ricardo Stuckert 

#BrasilDaEsperança #Lula13 #LulaNoPrimeiroTurno",https://www.facebook.com/532424834911204/posts/682285013258518,facebook,video,18090,3464,4893,16:00:01,0.0778635,Hair
5728,267949976607343_682285013258518,Lula,2022-09-16,"Nesse país, a gente tem milhares de crianças de até 10 anos de idade que não estão comendo as calorias e proteínas necessárias para elas crescerem de forma saudável. A gente tirou o Brasil do Mapa da Fome e vamos fazer de novo.

Vídeo: Ricardo Stuckert 

#BrasilDaEsperança #Lula13 #LulaNoPrimeiroTurno",https://www.facebook.com/532424834911204/posts/682285013258518,facebook,video,18090,3464,4893,16:00:01,0.0778635,Joy
6247,267949976607343_687041446116208,Lula,2022-09-21,Participe do último grande ato Brasil da Esperança com Lula 13! Faça a transmissão no dia 26/9! #EquipeLula #BrasilDaEsperança,https://www.facebook.com/532424834911204/posts/687041446116208,facebook,photo,4798,466,572,17:03:34,0.0158378,Font
6248,267949976607343_687041446116208,Lula,2022-09-21,Participe do último grande ato Brasil da Esperança com Lula 13! Faça a transmissão no dia 26/9! #EquipeLula #BrasilDaEsperança,https://www.facebook.com/532424834911204/posts/687041446116208,facebook,photo,4798,466,572,17:03:34,0.0158378,Product
7541,267949976607343_705062190980800,Lula,2022-10-05,"Pela democracia e pela inclusão social. Obrigado pelo seu voto e confiança, Fernando Henrique Cardoso. O Brasil precisa de diálogo e de paz.",https://www.facebook.com/532424834911204/posts/705062190980800,facebook,photo,49841,4150,7477,12:30:26,0.2260264,Blazer
7542,267949976607343_705062190980800,Lula,2022-10-05,"Pela democracia e pela inclusão social. Obrigado pelo seu voto e confiança, Fernando Henrique Cardoso. O Brasil precisa de diálogo e de paz.",https://www.facebook.com/532424834911204/posts/705062190980800,facebook,photo,49841,4150,7477,12:30:26,0.2260264,Suit
7543,267949976607343_705062190980800,Lula,2022-10-05,"Pela democracia e pela inclusão social. Obrigado pelo seu voto e confiança, Fernando Henrique Cardoso. O Brasil precisa de diálogo e de paz.",https://www.facebook.com/532424834911204/posts/705062190980800,facebook,photo,49841,4150,7477,12:30:26,0.2260264,Coat
7544,267949976607343_705062190980800,Lula,2022-10-05,"Pela democracia e pela inclusão social. Obrigado pelo seu voto e confiança, Fernando Henrique Cardoso. O Brasil precisa de diálogo e de paz.",https://www.facebook.com/532424834911204/posts/705062190980800,facebook,photo,49841,4150,7477,12:30:26,0.2260264,Adaptation
7545,267949976607343_705062190980800,Lula,2022-10-05,"Pela democracia e pela inclusão social. Obrigado pelo seu voto e confiança, Fernando Henrique Cardoso. O Brasil precisa de diálogo e de paz.",https://www.facebook.com/532424834911204/posts/705062190980800,facebook,photo,49841,4150,7477,12:30:26,0.2260264,Font
7546,267949976607343_705062190980800,Lula,2022-10-05,"Pela democracia e pela inclusão social. Obrigado pelo seu voto e confiança, Fernando Henrique Cardoso. O Brasil precisa de diálogo e de paz.",https://www.facebook.com/532424834911204/posts/705062190980800,facebook,photo,49841,4150,7477,12:30:26,0.2260264,Gesture
7547,267949976607343_705062190980800,Lula,2022-10-05,"Pela democracia e pela inclusão social. Obrigado pelo seu voto e confiança, Fernando Henrique Cardoso. O Brasil precisa de diálogo e de paz.",https://www.facebook.com/532424834911204/posts/705062190980800,facebook,photo,49841,4150,7477,12:30:26,0.2260264,Sharing
7548,267949976607343_705062190980800,Lula,2022-10-05,"Pela democracia e pela inclusão social. Obrigado pelo seu voto e confiança, Fernando Henrique Cardoso. O Brasil precisa de diálogo e de paz.",https://www.facebook.com/532424834911204/posts/705062190980800,facebook,photo,49841,4150,7477,12:30:26,0.2260264,Tie
7549,267949976607343_705062190980800,Lula,2022-10-05,"Pela democracia e pela inclusão social. Obrigado pelo seu voto e confiança, Fernando Henrique Cardoso. O Brasil precisa de diálogo e de paz.",https://www.facebook.com/532424834911204/posts/705062190980800,facebook,photo,49841,4150,7477,12:30:26,0.2260264,Facial expression
8159,267949976607343_713137266839959,Lula,2022-10-11,Bom dia. #FalaLula,https://www.facebook.com/532424834911204/posts/713137266839959,facebook,photo,10000,1201,660,09:02:26,0.0401124,Font
8160,267949976607343_713137266839959,Lula,2022-10-11,Bom dia. #FalaLula,https://www.facebook.com/532424834911204/posts/713137266839959,facebook,photo,10000,1201,660,09:02:26,0.0401124,Person
8161,267949976607343_713137266839959,Lula,2022-10-11,Bom dia. #FalaLula,https://www.facebook.com/532424834911204/posts/713137266839959,facebook,photo,10000,1201,660,09:02:26,0.0401124,Joy
8509,267949976607343_716307383189614,Lula,2022-10-13,É DataPovo que chama? #EquipeLula #BrasilDaEsperança #LulaPresidente13,https://www.facebook.com/532424834911204/posts/716307383189614,facebook,photo,15382,2070,3695,20:02:08,0.0652269,Event
8510,267949976607343_716307383189614,Lula,2022-10-13,É DataPovo que chama? #EquipeLula #BrasilDaEsperança #LulaPresidente13,https://www.facebook.com/532424834911204/posts/716307383189614,facebook,photo,15382,2070,3695,20:02:08,0.0652269,Crowd
8511,267949976607343_716307383189614,Lula,2022-10-13,É DataPovo que chama? #EquipeLula #BrasilDaEsperança #LulaPresidente13,https://www.facebook.com/532424834911204/posts/716307383189614,facebook,photo,15382,2070,3695,20:02:08,0.0652269,Font
8512,267949976607343_716307383189614,Lula,2022-10-13,É DataPovo que chama? #EquipeLula #BrasilDaEsperança #LulaPresidente13,https://www.facebook.com/532424834911204/posts/716307383189614,facebook,photo,15382,2070,3695,20:02:08,0.0652269,Urban design
8513,267949976607343_716307383189614,Lula,2022-10-13,É DataPovo que chama? #EquipeLula #BrasilDaEsperança #LulaPresidente13,https://www.facebook.com/532424834911204/posts/716307383189614,facebook,photo,15382,2070,3695,20:02:08,0.0652269,Product
8661,267949976607343_718098003010552,Lula,2022-10-15,Bom dia. #FalaLula,https://www.facebook.com/532424834911204/posts/718098003010552,facebook,photo,10000,2727,1452,09:02:50,0.0401124,Person
8662,267949976607343_718098003010552,Lula,2022-10-15,Bom dia. #FalaLula,https://www.facebook.com/532424834911204/posts/718098003010552,facebook,photo,10000,2727,1452,09:02:50,0.0401124,Font
8663,267949976607343_718098003010552,Lula,2022-10-15,Bom dia. #FalaLula,https://www.facebook.com/532424834911204/posts/718098003010552,facebook,photo,10000,2727,1452,09:02:50,0.0401124,Joy
9581,267949976607343_726728138814205,Lula,2022-10-22,"O endividamento das famílias é recorde, e há milhares de micro e pequenas empresas inadimplentes por culpa de Bolsonaro. A solução é o Empreende Brasil de Lula 13! COMPARTILHE! #EquipeLula #BrasilDaEsperança",https://www.facebook.com/532424834911204/posts/726728138814205,facebook,photo,6316,1137,1538,21:30:02,0.0229214,Advertising
9582,267949976607343_726728138814205,Lula,2022-10-22,"O endividamento das famílias é recorde, e há milhares de micro e pequenas empresas inadimplentes por culpa de Bolsonaro. A solução é o Empreende Brasil de Lula 13! COMPARTILHE! #EquipeLula #BrasilDaEsperança",https://www.facebook.com/532424834911204/posts/726728138814205,facebook,photo,6316,1137,1538,21:30:02,0.0229214,Poster
9583,267949976607343_726728138814205,Lula,2022-10-22,"O endividamento das famílias é recorde, e há milhares de micro e pequenas empresas inadimplentes por culpa de Bolsonaro. A solução é o Empreende Brasil de Lula 13! COMPARTILHE! #EquipeLula #BrasilDaEsperança",https://www.facebook.com/532424834911204/posts/726728138814205,facebook,photo,6316,1137,1538,21:30:02,0.0229214,News
9584,267949976607343_726728138814205,Lula,2022-10-22,"O endividamento das famílias é recorde, e há milhares de micro e pequenas empresas inadimplentes por culpa de Bolsonaro. A solução é o Empreende Brasil de Lula 13! COMPARTILHE! #EquipeLula #BrasilDaEsperança",https://www.facebook.com/532424834911204/posts/726728138814205,facebook,photo,6316,1137,1538,21:30:02,0.0229214,Engineering
9585,267949976607343_726728138814205,Lula,2022-10-22,"O endividamento das famílias é recorde, e há milhares de micro e pequenas empresas inadimplentes por culpa de Bolsonaro. A solução é o Empreende Brasil de Lula 13! COMPARTILHE! #EquipeLula #BrasilDaEsperança",https://www.facebook.com/532424834911204/posts/726728138814205,facebook,photo,6316,1137,1538,21:30:02,0.0229214,Motor vehicle
9586,267949976607343_726728138814205,Lula,2022-10-22,"O endividamento das famílias é recorde, e há milhares de micro e pequenas empresas inadimplentes por culpa de Bolsonaro. A solução é o Empreende Brasil de Lula 13! COMPARTILHE! #EquipeLula #BrasilDaEsperança",https://www.facebook.com/532424834911204/posts/726728138814205,facebook,photo,6316,1137,1538,21:30:02,0.0229214,Line
9587,267949976607343_726728138814205,Lula,2022-10-22,"O endividamento das famílias é recorde, e há milhares de micro e pequenas empresas inadimplentes por culpa de Bolsonaro. A solução é o Empreende Brasil de Lula 13! COMPARTILHE! #EquipeLula #BrasilDaEsperança",https://www.facebook.com/532424834911204/posts/726728138814205,facebook,photo,6316,1137,1538,21:30:02,0.0229214,Font
9588,267949976607343_726728138814205,Lula,2022-10-22,"O endividamento das famílias é recorde, e há milhares de micro e pequenas empresas inadimplentes por culpa de Bolsonaro. A solução é o Empreende Brasil de Lula 13! COMPARTILHE! #EquipeLula #BrasilDaEsperança",https://www.facebook.com/532424834911204/posts/726728138814205,facebook,photo,6316,1137,1538,21:30:02,0.0229214,Organ
9589,267949976607343_726728138814205,Lula,2022-10-22,"O endividamento das famílias é recorde, e há milhares de micro e pequenas empresas inadimplentes por culpa de Bolsonaro. A solução é o Empreende Brasil de Lula 13! COMPARTILHE! #EquipeLula #BrasilDaEsperança",https://www.facebook.com/532424834911204/posts/726728138814205,facebook,photo,6316,1137,1538,21:30:02,0.0229214,Joy
9639,267949976607343_727783922041960,Lula,2022-10-23,"Lula fala sobre Roberto Jefferson e a violência bolsonarista:

""Bolsonaro defende uma máquina de destruição de valores democráticos e é contra isso que o povo deve se dirigir às urnas no dia 30 de outubro.""

#BrasilDaEsperança #LulaPresidente13/",https://www.facebook.com/532424834911204/posts/727783922041960,facebook,video,33808,7188,9308,15:30:00,0.15121,Publication
9640,267949976607343_727783922041960,Lula,2022-10-23,"Lula fala sobre Roberto Jefferson e a violência bolsonarista:

""Bolsonaro defende uma máquina de destruição de valores democráticos e é contra isso que o povo deve se dirigir às urnas no dia 30 de outubro.""

#BrasilDaEsperança #LulaPresidente13/",https://www.facebook.com/532424834911204/posts/727783922041960,facebook,video,33808,7188,9308,15:30:00,0.15121,Event
9641,267949976607343_727783922041960,Lula,2022-10-23,"Lula fala sobre Roberto Jefferson e a violência bolsonarista:

""Bolsonaro defende uma máquina de destruição de valores democráticos e é contra isso que o povo deve se dirigir às urnas no dia 30 de outubro.""

#BrasilDaEsperança #LulaPresidente13/",https://www.facebook.com/532424834911204/posts/727783922041960,facebook,video,33808,7188,9308,15:30:00,0.15121,People
9642,267949976607343_727783922041960,Lula,2022-10-23,"Lula fala sobre Roberto Jefferson e a violência bolsonarista:

""Bolsonaro defende uma máquina de destruição de valores democráticos e é contra isso que o povo deve se dirigir às urnas no dia 30 de outubro.""

#BrasilDaEsperança #LulaPresidente13/",https://www.facebook.com/532424834911204/posts/727783922041960,facebook,video,33808,7188,9308,15:30:00,0.15121,Adaptation
9643,267949976607343_727783922041960,Lula,2022-10-23,"Lula fala sobre Roberto Jefferson e a violência bolsonarista:

""Bolsonaro defende uma máquina de destruição de valores democráticos e é contra isso que o povo deve se dirigir às urnas no dia 30 de outubro.""

#BrasilDaEsperança #LulaPresidente13/",https://www.facebook.com/532424834911204/posts/727783922041960,facebook,video,33808,7188,9308,15:30:00,0.15121,Font
9644,267949976607343_727783922041960,Lula,2022-10-23,"Lula fala sobre Roberto Jefferson e a violência bolsonarista:

""Bolsonaro defende uma máquina de destruição de valores democráticos e é contra isso que o povo deve se dirigir às urnas no dia 30 de outubro.""

#BrasilDaEsperança #LulaPresidente13/",https://www.facebook.com/532424834911204/posts/727783922041960,facebook,video,33808,7188,9308,15:30:00,0.15121,Community
9645,267949976607343_727783922041960,Lula,2022-10-23,"Lula fala sobre Roberto Jefferson e a violência bolsonarista:

""Bolsonaro defende uma máquina de destruição de valores democráticos e é contra isso que o povo deve se dirigir às urnas no dia 30 de outubro.""

#BrasilDaEsperança #LulaPresidente13/",https://www.facebook.com/532424834911204/posts/727783922041960,facebook,video,33808,7188,9308,15:30:00,0.15121,Human
9646,267949976607343_727783922041960,Lula,2022-10-23,"Lula fala sobre Roberto Jefferson e a violência bolsonarista:

""Bolsonaro defende uma máquina de destruição de valores democráticos e é contra isso que o povo deve se dirigir às urnas no dia 30 de outubro.""

#BrasilDaEsperança #LulaPresidente13/",https://www.facebook.com/532424834911204/posts/727783922041960,facebook,video,33808,7188,9308,15:30:00,0.15121,Forehead
10872,17945865332106070,Lula,2022-07-09,"??? Estamos juntos por São Paulo e pelo Brasil.

??: ricardostuckert",https://www.instagram.com/reel/CfzyUQ8ATcJ/,instagram,VIDEO,130548,5959,0,20:00:25,0.0446264,Person
10873,17945865332106070,Lula,2022-07-09,"??? Estamos juntos por São Paulo e pelo Brasil.

??: ricardostuckert",https://www.instagram.com/reel/CfzyUQ8ATcJ/,instagram,VIDEO,130548,5959,0,20:00:25,0.0446264,Clothing
10874,17945865332106070,Lula,2022-07-09,"??? Estamos juntos por São Paulo e pelo Brasil.

??: ricardostuckert",https://www.instagram.com/reel/CfzyUQ8ATcJ/,instagram,VIDEO,130548,5959,0,20:00:25,0.0446264,Social group
10875,17945865332106070,Lula,2022-07-09,"??? Estamos juntos por São Paulo e pelo Brasil.

??: ricardostuckert",https://www.instagram.com/reel/CfzyUQ8ATcJ/,instagram,VIDEO,130548,5959,0,20:00:25,0.0446264,Hat
10876,17945865332106070,Lula,2022-07-09,"??? Estamos juntos por São Paulo e pelo Brasil.

??: ricardostuckert",https://www.instagram.com/reel/CfzyUQ8ATcJ/,instagram,VIDEO,130548,5959,0,20:00:25,0.0446264,Gesture
10877,17945865332106070,Lula,2022-07-09,"??? Estamos juntos por São Paulo e pelo Brasil.

??: ricardostuckert",https://www.instagram.com/reel/CfzyUQ8ATcJ/,instagram,VIDEO,130548,5959,0,20:00:25,0.0446264,Crowd
10878,17945865332106070,Lula,2022-07-09,"??? Estamos juntos por São Paulo e pelo Brasil.

??: ricardostuckert",https://www.instagram.com/reel/CfzyUQ8ATcJ/,instagram,VIDEO,130548,5959,0,20:00:25,0.0446264,Human
10879,17945865332106070,Lula,2022-07-09,"??? Estamos juntos por São Paulo e pelo Brasil.

??: ricardostuckert",https://www.instagram.com/reel/CfzyUQ8ATcJ/,instagram,VIDEO,130548,5959,0,20:00:25,0.0446264,Product
10880,17945865332106070,Lula,2022-07-09,"??? Estamos juntos por São Paulo e pelo Brasil.

??: ricardostuckert",https://www.instagram.com/reel/CfzyUQ8ATcJ/,instagram,VIDEO,130548,5959,0,20:00:25,0.0446264,Green
10881,17945865332106070,Lula,2022-07-09,"??? Estamos juntos por São Paulo e pelo Brasil.

??: ricardostuckert",https://www.instagram.com/reel/CfzyUQ8ATcJ/,instagram,VIDEO,130548,5959,0,20:00:25,0.0446264,Facial expression
10882,17945865332106070,Lula,2022-07-09,"??? Estamos juntos por São Paulo e pelo Brasil.

??: ricardostuckert",https://www.instagram.com/reel/CfzyUQ8ATcJ/,instagram,VIDEO,130548,5959,0,20:00:25,0.0446264,World
10883,17945865332106070,Lula,2022-07-09,"??? Estamos juntos por São Paulo e pelo Brasil.

??: ricardostuckert",https://www.instagram.com/reel/CfzyUQ8ATcJ/,instagram,VIDEO,130548,5959,0,20:00:25,0.0446264,Outerwear
10884,17945865332106070,Lula,2022-07-09,"??? Estamos juntos por São Paulo e pelo Brasil.

??: ricardostuckert",https://www.instagram.com/reel/CfzyUQ8ATcJ/,instagram,VIDEO,130548,5959,0,20:00:25,0.0446264,Joy
10908,17950072735999652,Lula,2022-07-11,"Um minuto de silêncio em memória do companheiro Marcelo Arruda, brutalmente assassinado em Foz do Iguaçu no momento em que celebrava a vida ao lado de familiares e amigos.  É urgente dar um basta na violência política. O Brasil que queremos é o da paz e do respeito, não o do ódio e da intolerância.",https://www.instagram.com/reel/Cf4JuFNgQij/,instagram,VIDEO,49290,2166,0,12:41:53,0.013122,Team
10909,17950072735999652,Lula,2022-07-11,"Um minuto de silêncio em memória do companheiro Marcelo Arruda, brutalmente assassinado em Foz do Iguaçu no momento em que celebrava a vida ao lado de familiares e amigos.  É urgente dar um basta na violência política. O Brasil que queremos é o da paz e do respeito, não o do ódio e da intolerância.",https://www.instagram.com/reel/Cf4JuFNgQij/,instagram,VIDEO,49290,2166,0,12:41:53,0.013122,Event
10910,17950072735999652,Lula,2022-07-11,"Um minuto de silêncio em memória do companheiro Marcelo Arruda, brutalmente assassinado em Foz do Iguaçu no momento em que celebrava a vida ao lado de familiares e amigos.  É urgente dar um basta na violência política. O Brasil que queremos é o da paz e do respeito, não o do ódio e da intolerância.",https://www.instagram.com/reel/Cf4JuFNgQij/,instagram,VIDEO,49290,2166,0,12:41:53,0.013122,Stage equipment
10911,17950072735999652,Lula,2022-07-11,"Um minuto de silêncio em memória do companheiro Marcelo Arruda, brutalmente assassinado em Foz do Iguaçu no momento em que celebrava a vida ao lado de familiares e amigos.  É urgente dar um basta na violência política. O Brasil que queremos é o da paz e do respeito, não o do ódio e da intolerância.",https://www.instagram.com/reel/Cf4JuFNgQij/,instagram,VIDEO,49290,2166,0,12:41:53,0.013122,Electronic device
10912,17950072735999652,Lula,2022-07-11,"Um minuto de silêncio em memória do companheiro Marcelo Arruda, brutalmente assassinado em Foz do Iguaçu no momento em que celebrava a vida ao lado de familiares e amigos.  É urgente dar um basta na violência política. O Brasil que queremos é o da paz e do respeito, não o do ódio e da intolerância.",https://www.instagram.com/reel/Cf4JuFNgQij/,instagram,VIDEO,49290,2166,0,12:41:53,0.013122,Technology
10913,17950072735999652,Lula,2022-07-11,"Um minuto de silêncio em memória do companheiro Marcelo Arruda, brutalmente assassinado em Foz do Iguaçu no momento em que celebrava a vida ao lado de familiares e amigos.  É urgente dar um basta na violência política. O Brasil que queremos é o da paz e do respeito, não o do ódio e da intolerância.",https://www.instagram.com/reel/Cf4JuFNgQij/,instagram,VIDEO,49290,2166,0,12:41:53,0.013122,Display device
10914,17950072735999652,Lula,2022-07-11,"Um minuto de silêncio em memória do companheiro Marcelo Arruda, brutalmente assassinado em Foz do Iguaçu no momento em que celebrava a vida ao lado de familiares e amigos.  É urgente dar um basta na violência política. O Brasil que queremos é o da paz e do respeito, não o do ódio e da intolerância.",https://www.instagram.com/reel/Cf4JuFNgQij/,instagram,VIDEO,49290,2166,0,12:41:53,0.013122,Person
10915,17950072735999652,Lula,2022-07-11,"Um minuto de silêncio em memória do companheiro Marcelo Arruda, brutalmente assassinado em Foz do Iguaçu no momento em que celebrava a vida ao lado de familiares e amigos.  É urgente dar um basta na violência política. O Brasil que queremos é o da paz e do respeito, não o do ódio e da intolerância.",https://www.instagram.com/reel/Cf4JuFNgQij/,instagram,VIDEO,49290,2166,0,12:41:53,0.013122,Font
10916,17950072735999652,Lula,2022-07-11,"Um minuto de silêncio em memória do companheiro Marcelo Arruda, brutalmente assassinado em Foz do Iguaçu no momento em que celebrava a vida ao lado de familiares e amigos.  É urgente dar um basta na violência política. O Brasil que queremos é o da paz e do respeito, não o do ódio e da intolerância.",https://www.instagram.com/reel/Cf4JuFNgQij/,instagram,VIDEO,49290,2166,0,12:41:53,0.013122,World
10917,17950072735999652,Lula,2022-07-11,"Um minuto de silêncio em memória do companheiro Marcelo Arruda, brutalmente assassinado em Foz do Iguaçu no momento em que celebrava a vida ao lado de familiares e amigos.  É urgente dar um basta na violência política. O Brasil que queremos é o da paz e do respeito, não o do ódio e da intolerância.",https://www.instagram.com/reel/Cf4JuFNgQij/,instagram,VIDEO,49290,2166,0,12:41:53,0.013122,Hat
11238,17960766352845700,Lula,2022-07-21,"Viva o frevo, viva a cultura de Pernambuco, viva o Brasil!

??: ricardostuckert",https://www.instagram.com/reel/CgSHGdDA7-Q/,instagram,VIDEO,163676,4417,0,14:39:52,0.0574704,Pants
11239,17960766352845700,Lula,2022-07-21,"Viva o frevo, viva a cultura de Pernambuco, viva o Brasil!

??: ricardostuckert",https://www.instagram.com/reel/CgSHGdDA7-Q/,instagram,VIDEO,163676,4417,0,14:39:52,0.0574704,Fun
11240,17960766352845700,Lula,2022-07-21,"Viva o frevo, viva a cultura de Pernambuco, viva o Brasil!

??: ricardostuckert",https://www.instagram.com/reel/CgSHGdDA7-Q/,instagram,VIDEO,163676,4417,0,14:39:52,0.0574704,Leisure
11241,17960766352845700,Lula,2022-07-21,"Viva o frevo, viva a cultura de Pernambuco, viva o Brasil!

??: ricardostuckert",https://www.instagram.com/reel/CgSHGdDA7-Q/,instagram,VIDEO,163676,4417,0,14:39:52,0.0574704,Person
11242,17960766352845700,Lula,2022-07-21,"Viva o frevo, viva a cultura de Pernambuco, viva o Brasil!

??: ricardostuckert",https://www.instagram.com/reel/CgSHGdDA7-Q/,instagram,VIDEO,163676,4417,0,14:39:52,0.0574704,Entertainment
11243,17960766352845700,Lula,2022-07-21,"Viva o frevo, viva a cultura de Pernambuco, viva o Brasil!

??: ricardostuckert",https://www.instagram.com/reel/CgSHGdDA7-Q/,instagram,VIDEO,163676,4417,0,14:39:52,0.0574704,Chair
11244,17960766352845700,Lula,2022-07-21,"Viva o frevo, viva a cultura de Pernambuco, viva o Brasil!

??: ricardostuckert",https://www.instagram.com/reel/CgSHGdDA7-Q/,instagram,VIDEO,163676,4417,0,14:39:52,0.0574704,Product
11245,17960766352845700,Lula,2022-07-21,"Viva o frevo, viva a cultura de Pernambuco, viva o Brasil!

??: ricardostuckert",https://www.instagram.com/reel/CgSHGdDA7-Q/,instagram,VIDEO,163676,4417,0,14:39:52,0.0574704,World
11246,17960766352845700,Lula,2022-07-21,"Viva o frevo, viva a cultura de Pernambuco, viva o Brasil!

??: ricardostuckert",https://www.instagram.com/reel/CgSHGdDA7-Q/,instagram,VIDEO,163676,4417,0,14:39:52,0.0574704,Leg
11247,17960766352845700,Lula,2022-07-21,"Viva o frevo, viva a cultura de Pernambuco, viva o Brasil!

??: ricardostuckert",https://www.instagram.com/reel/CgSHGdDA7-Q/,instagram,VIDEO,163676,4417,0,14:39:52,0.0574704,Arm
11248,17960766352845700,Lula,2022-07-21,"Viva o frevo, viva a cultura de Pernambuco, viva o Brasil!

??: ricardostuckert",https://www.instagram.com/reel/CgSHGdDA7-Q/,instagram,VIDEO,163676,4417,0,14:39:52,0.0574704,Trousers
11249,17960766352845700,Lula,2022-07-21,"Viva o frevo, viva a cultura de Pernambuco, viva o Brasil!

??: ricardostuckert",https://www.instagram.com/reel/CgSHGdDA7-Q/,instagram,VIDEO,163676,4417,0,14:39:52,0.0574704,Footwear
11250,17960766352845700,Lula,2022-07-21,"Viva o frevo, viva a cultura de Pernambuco, viva o Brasil!

??: ricardostuckert",https://www.instagram.com/reel/CgSHGdDA7-Q/,instagram,VIDEO,163676,4417,0,14:39:52,0.0574704,Blurred
11251,17960766352845700,Lula,2022-07-21,"Viva o frevo, viva a cultura de Pernambuco, viva o Brasil!

??: ricardostuckert",https://www.instagram.com/reel/CgSHGdDA7-Q/,instagram,VIDEO,163676,4417,0,14:39:52,0.0574704,Joy
12009,17861515331782394,Lula,2022-08-16,"A responsabilidade de reconstruir o Brasil está em nossas mãos. Nosso país merece um futuro melhor, com mais educação, trabalhos de qualidade, política de desenvolvimento e, sobretudo, respeito ao povo. Não podemos nos omitir. 

?? ricardostuckert",https://www.instagram.com/reel/ChUsA4hgMQu/,instagram,VIDEO,105522,4575,0,11:12:41,0.0349236,Leisure
12010,17861515331782394,Lula,2022-08-16,"A responsabilidade de reconstruir o Brasil está em nossas mãos. Nosso país merece um futuro melhor, com mais educação, trabalhos de qualidade, política de desenvolvimento e, sobretudo, respeito ao povo. Não podemos nos omitir. 

?? ricardostuckert",https://www.instagram.com/reel/ChUsA4hgMQu/,instagram,VIDEO,105522,4575,0,11:12:41,0.0349236,Person
12011,17861515331782394,Lula,2022-08-16,"A responsabilidade de reconstruir o Brasil está em nossas mãos. Nosso país merece um futuro melhor, com mais educação, trabalhos de qualidade, política de desenvolvimento e, sobretudo, respeito ao povo. Não podemos nos omitir. 

?? ricardostuckert",https://www.instagram.com/reel/ChUsA4hgMQu/,instagram,VIDEO,105522,4575,0,11:12:41,0.0349236,Happy
12012,17861515331782394,Lula,2022-08-16,"A responsabilidade de reconstruir o Brasil está em nossas mãos. Nosso país merece um futuro melhor, com mais educação, trabalhos de qualidade, política de desenvolvimento e, sobretudo, respeito ao povo. Não podemos nos omitir. 

?? ricardostuckert",https://www.instagram.com/reel/ChUsA4hgMQu/,instagram,VIDEO,105522,4575,0,11:12:41,0.0349236,Font
12013,17861515331782394,Lula,2022-08-16,"A responsabilidade de reconstruir o Brasil está em nossas mãos. Nosso país merece um futuro melhor, com mais educação, trabalhos de qualidade, política de desenvolvimento e, sobretudo, respeito ao povo. Não podemos nos omitir. 

?? ricardostuckert",https://www.instagram.com/reel/ChUsA4hgMQu/,instagram,VIDEO,105522,4575,0,11:12:41,0.0349236,Gesture
12014,17861515331782394,Lula,2022-08-16,"A responsabilidade de reconstruir o Brasil está em nossas mãos. Nosso país merece um futuro melhor, com mais educação, trabalhos de qualidade, política de desenvolvimento e, sobretudo, respeito ao povo. Não podemos nos omitir. 

?? ricardostuckert",https://www.instagram.com/reel/ChUsA4hgMQu/,instagram,VIDEO,105522,4575,0,11:12:41,0.0349236,World
12170,17978941675617381,Lula,2022-08-19,"Junto de cada brasileiro e cada brasileira, vamos reconstruir nosso país e consolidar a democracia. Vocês serão minhas pernas, minha voz e meu coração. Vamos juntos pelo Brasil da esperança! 

#BrasilDaEsperança
??: ricardostuckert",https://www.instagram.com/reel/ChcKtuVgtwI/,instagram,VIDEO,213411,9832,0,08:54:53,0.0767531,Advertising
12171,17978941675617381,Lula,2022-08-19,"Junto de cada brasileiro e cada brasileira, vamos reconstruir nosso país e consolidar a democracia. Vocês serão minhas pernas, minha voz e meu coração. Vamos juntos pelo Brasil da esperança! 

#BrasilDaEsperança
??: ricardostuckert",https://www.instagram.com/reel/ChcKtuVgtwI/,instagram,VIDEO,213411,9832,0,08:54:53,0.0767531,Crowd
12172,17978941675617381,Lula,2022-08-19,"Junto de cada brasileiro e cada brasileira, vamos reconstruir nosso país e consolidar a democracia. Vocês serão minhas pernas, minha voz e meu coração. Vamos juntos pelo Brasil da esperança! 

#BrasilDaEsperança
??: ricardostuckert",https://www.instagram.com/reel/ChcKtuVgtwI/,instagram,VIDEO,213411,9832,0,08:54:53,0.0767531,Person
12173,17978941675617381,Lula,2022-08-19,"Junto de cada brasileiro e cada brasileira, vamos reconstruir nosso país e consolidar a democracia. Vocês serão minhas pernas, minha voz e meu coração. Vamos juntos pelo Brasil da esperança! 

#BrasilDaEsperança
??: ricardostuckert",https://www.instagram.com/reel/ChcKtuVgtwI/,instagram,VIDEO,213411,9832,0,08:54:53,0.0767531,People
12174,17978941675617381,Lula,2022-08-19,"Junto de cada brasileiro e cada brasileira, vamos reconstruir nosso país e consolidar a democracia. Vocês serão minhas pernas, minha voz e meu coração. Vamos juntos pelo Brasil da esperança! 

#BrasilDaEsperança
??: ricardostuckert",https://www.instagram.com/reel/ChcKtuVgtwI/,instagram,VIDEO,213411,9832,0,08:54:53,0.0767531,Font
12175,17978941675617381,Lula,2022-08-19,"Junto de cada brasileiro e cada brasileira, vamos reconstruir nosso país e consolidar a democracia. Vocês serão minhas pernas, minha voz e meu coração. Vamos juntos pelo Brasil da esperança! 

#BrasilDaEsperança
??: ricardostuckert",https://www.instagram.com/reel/ChcKtuVgtwI/,instagram,VIDEO,213411,9832,0,08:54:53,0.0767531,Publication
12176,17978941675617381,Lula,2022-08-19,"Junto de cada brasileiro e cada brasileira, vamos reconstruir nosso país e consolidar a democracia. Vocês serão minhas pernas, minha voz e meu coração. Vamos juntos pelo Brasil da esperança! 

#BrasilDaEsperança
??: ricardostuckert",https://www.instagram.com/reel/ChcKtuVgtwI/,instagram,VIDEO,213411,9832,0,08:54:53,0.0767531,Community
12177,17978941675617381,Lula,2022-08-19,"Junto de cada brasileiro e cada brasileira, vamos reconstruir nosso país e consolidar a democracia. Vocês serão minhas pernas, minha voz e meu coração. Vamos juntos pelo Brasil da esperança! 

#BrasilDaEsperança
??: ricardostuckert",https://www.instagram.com/reel/ChcKtuVgtwI/,instagram,VIDEO,213411,9832,0,08:54:53,0.0767531,Poster
12178,17978941675617381,Lula,2022-08-19,"Junto de cada brasileiro e cada brasileira, vamos reconstruir nosso país e consolidar a democracia. Vocês serão minhas pernas, minha voz e meu coração. Vamos juntos pelo Brasil da esperança! 

#BrasilDaEsperança
??: ricardostuckert",https://www.instagram.com/reel/ChcKtuVgtwI/,instagram,VIDEO,213411,9832,0,08:54:53,0.0767531,Human
12179,17978941675617381,Lula,2022-08-19,"Junto de cada brasileiro e cada brasileira, vamos reconstruir nosso país e consolidar a democracia. Vocês serão minhas pernas, minha voz e meu coração. Vamos juntos pelo Brasil da esperança! 

#BrasilDaEsperança
??: ricardostuckert",https://www.instagram.com/reel/ChcKtuVgtwI/,instagram,VIDEO,213411,9832,0,08:54:53,0.0767531,Product
12180,17978941675617381,Lula,2022-08-19,"Junto de cada brasileiro e cada brasileira, vamos reconstruir nosso país e consolidar a democracia. Vocês serão minhas pernas, minha voz e meu coração. Vamos juntos pelo Brasil da esperança! 

#BrasilDaEsperança
??: ricardostuckert",https://www.instagram.com/reel/ChcKtuVgtwI/,instagram,VIDEO,213411,9832,0,08:54:53,0.0767531,World
12181,17978941675617381,Lula,2022-08-19,"Junto de cada brasileiro e cada brasileira, vamos reconstruir nosso país e consolidar a democracia. Vocês serão minhas pernas, minha voz e meu coração. Vamos juntos pelo Brasil da esperança! 

#BrasilDaEsperança
??: ricardostuckert",https://www.instagram.com/reel/ChcKtuVgtwI/,instagram,VIDEO,213411,9832,0,08:54:53,0.0767531,Blurred
12206,17938236689166474,Lula,2022-08-19,"??Lula Oficial está no Spotify. Siga o podcast Lula Oficial e dê play no primeiro programa, que já está no ar! Você vai se emocionar com depoimentos, lembrar de momentos históricos e conquistas de nosso país. #BrasilDaEsperança",https://www.instagram.com/p/ChdrhoVO-4Z/,instagram,IMAGE,81231,1779,0,22:59:47,0.0255058,Output device
12207,17938236689166474,Lula,2022-08-19,"??Lula Oficial está no Spotify. Siga o podcast Lula Oficial e dê play no primeiro programa, que já está no ar! Você vai se emocionar com depoimentos, lembrar de momentos históricos e conquistas de nosso país. #BrasilDaEsperança",https://www.instagram.com/p/ChdrhoVO-4Z/,instagram,IMAGE,81231,1779,0,22:59:47,0.0255058,Music artist
12208,17938236689166474,Lula,2022-08-19,"??Lula Oficial está no Spotify. Siga o podcast Lula Oficial e dê play no primeiro programa, que já está no ar! Você vai se emocionar com depoimentos, lembrar de momentos históricos e conquistas de nosso país. #BrasilDaEsperança",https://www.instagram.com/p/ChdrhoVO-4Z/,instagram,IMAGE,81231,1779,0,22:59:47,0.0255058,Electronic device
12209,17938236689166474,Lula,2022-08-19,"??Lula Oficial está no Spotify. Siga o podcast Lula Oficial e dê play no primeiro programa, que já está no ar! Você vai se emocionar com depoimentos, lembrar de momentos históricos e conquistas de nosso país. #BrasilDaEsperança",https://www.instagram.com/p/ChdrhoVO-4Z/,instagram,IMAGE,81231,1779,0,22:59:47,0.0255058,Font
12210,17938236689166474,Lula,2022-08-19,"??Lula Oficial está no Spotify. Siga o podcast Lula Oficial e dê play no primeiro programa, que já está no ar! Você vai se emocionar com depoimentos, lembrar de momentos históricos e conquistas de nosso país. #BrasilDaEsperança",https://www.instagram.com/p/ChdrhoVO-4Z/,instagram,IMAGE,81231,1779,0,22:59:47,0.0255058,Gadget
12211,17938236689166474,Lula,2022-08-19,"??Lula Oficial está no Spotify. Siga o podcast Lula Oficial e dê play no primeiro programa, que já está no ar! Você vai se emocionar com depoimentos, lembrar de momentos históricos e conquistas de nosso país. #BrasilDaEsperança",https://www.instagram.com/p/ChdrhoVO-4Z/,instagram,IMAGE,81231,1779,0,22:59:47,0.0255058,Audio equipment
12212,17938236689166474,Lula,2022-08-19,"??Lula Oficial está no Spotify. Siga o podcast Lula Oficial e dê play no primeiro programa, que já está no ar! Você vai se emocionar com depoimentos, lembrar de momentos históricos e conquistas de nosso país. #BrasilDaEsperança",https://www.instagram.com/p/ChdrhoVO-4Z/,instagram,IMAGE,81231,1779,0,22:59:47,0.0255058,Happy
12213,17938236689166474,Lula,2022-08-19,"??Lula Oficial está no Spotify. Siga o podcast Lula Oficial e dê play no primeiro programa, que já está no ar! Você vai se emocionar com depoimentos, lembrar de momentos históricos e conquistas de nosso país. #BrasilDaEsperança",https://www.instagram.com/p/ChdrhoVO-4Z/,instagram,IMAGE,81231,1779,0,22:59:47,0.0255058,Ear
12214,17938236689166474,Lula,2022-08-19,"??Lula Oficial está no Spotify. Siga o podcast Lula Oficial e dê play no primeiro programa, que já está no ar! Você vai se emocionar com depoimentos, lembrar de momentos históricos e conquistas de nosso país. #BrasilDaEsperança",https://www.instagram.com/p/ChdrhoVO-4Z/,instagram,IMAGE,81231,1779,0,22:59:47,0.0255058,Hearing
12215,17938236689166474,Lula,2022-08-19,"??Lula Oficial está no Spotify. Siga o podcast Lula Oficial e dê play no primeiro programa, que já está no ar! Você vai se emocionar com depoimentos, lembrar de momentos históricos e conquistas de nosso país. #BrasilDaEsperança",https://www.instagram.com/p/ChdrhoVO-4Z/,instagram,IMAGE,81231,1779,0,22:59:47,0.0255058,Person
12216,17938236689166474,Lula,2022-08-19,"??Lula Oficial está no Spotify. Siga o podcast Lula Oficial e dê play no primeiro programa, que já está no ar! Você vai se emocionar com depoimentos, lembrar de momentos históricos e conquistas de nosso país. #BrasilDaEsperança",https://www.instagram.com/p/ChdrhoVO-4Z/,instagram,IMAGE,81231,1779,0,22:59:47,0.0255058,Smile
12217,17938236689166474,Lula,2022-08-19,"??Lula Oficial está no Spotify. Siga o podcast Lula Oficial e dê play no primeiro programa, que já está no ar! Você vai se emocionar com depoimentos, lembrar de momentos históricos e conquistas de nosso país. #BrasilDaEsperança",https://www.instagram.com/p/ChdrhoVO-4Z/,instagram,IMAGE,81231,1779,0,22:59:47,0.0255058,Joy
12312,17975166748714572,Lula,2022-08-23,"Construímos nos governos do PT uma política externa que aproximou os continentes, valorizou a América Latina e a África, e ampliou as relações comerciais. Nosso país precisa voltar a ser ativo e altivo para ter uma política internacional de protagonismo novamente.

#BrasilDaEsperança 
??: ricardostuckert",https://www.instagram.com/reel/ChnULRCgOZ7/,instagram,VIDEO,197501,7895,0,16:49:25,0.0705847,Person
12313,17975166748714572,Lula,2022-08-23,"Construímos nos governos do PT uma política externa que aproximou os continentes, valorizou a América Latina e a África, e ampliou as relações comerciais. Nosso país precisa voltar a ser ativo e altivo para ter uma política internacional de protagonismo novamente.

#BrasilDaEsperança 
??: ricardostuckert",https://www.instagram.com/reel/ChnULRCgOZ7/,instagram,VIDEO,197501,7895,0,16:49:25,0.0705847,Spokesperson
12314,17975166748714572,Lula,2022-08-23,"Construímos nos governos do PT uma política externa que aproximou os continentes, valorizou a América Latina e a África, e ampliou as relações comerciais. Nosso país precisa voltar a ser ativo e altivo para ter uma política internacional de protagonismo novamente.

#BrasilDaEsperança 
??: ricardostuckert",https://www.instagram.com/reel/ChnULRCgOZ7/,instagram,VIDEO,197501,7895,0,16:49:25,0.0705847,Font
12315,17975166748714572,Lula,2022-08-23,"Construímos nos governos do PT uma política externa que aproximou os continentes, valorizou a América Latina e a África, e ampliou as relações comerciais. Nosso país precisa voltar a ser ativo e altivo para ter uma política internacional de protagonismo novamente.

#BrasilDaEsperança 
??: ricardostuckert",https://www.instagram.com/reel/ChnULRCgOZ7/,instagram,VIDEO,197501,7895,0,16:49:25,0.0705847,Suit
12316,17975166748714572,Lula,2022-08-23,"Construímos nos governos do PT uma política externa que aproximou os continentes, valorizou a América Latina e a África, e ampliou as relações comerciais. Nosso país precisa voltar a ser ativo e altivo para ter uma política internacional de protagonismo novamente.

#BrasilDaEsperança 
??: ricardostuckert",https://www.instagram.com/reel/ChnULRCgOZ7/,instagram,VIDEO,197501,7895,0,16:49:25,0.0705847,Poster
12317,17975166748714572,Lula,2022-08-23,"Construímos nos governos do PT uma política externa que aproximou os continentes, valorizou a América Latina e a África, e ampliou as relações comerciais. Nosso país precisa voltar a ser ativo e altivo para ter uma política internacional de protagonismo novamente.

#BrasilDaEsperança 
??: ricardostuckert",https://www.instagram.com/reel/ChnULRCgOZ7/,instagram,VIDEO,197501,7895,0,16:49:25,0.0705847,Tie
12318,17975166748714572,Lula,2022-08-23,"Construímos nos governos do PT uma política externa que aproximou os continentes, valorizou a América Latina e a África, e ampliou as relações comerciais. Nosso país precisa voltar a ser ativo e altivo para ter uma política internacional de protagonismo novamente.

#BrasilDaEsperança 
??: ricardostuckert",https://www.instagram.com/reel/ChnULRCgOZ7/,instagram,VIDEO,197501,7895,0,16:49:25,0.0705847,Gesture
12319,17975166748714572,Lula,2022-08-23,"Construímos nos governos do PT uma política externa que aproximou os continentes, valorizou a América Latina e a África, e ampliou as relações comerciais. Nosso país precisa voltar a ser ativo e altivo para ter uma política internacional de protagonismo novamente.

#BrasilDaEsperança 
??: ricardostuckert",https://www.instagram.com/reel/ChnULRCgOZ7/,instagram,VIDEO,197501,7895,0,16:49:25,0.0705847,Coat
12320,17975166748714572,Lula,2022-08-23,"Construímos nos governos do PT uma política externa que aproximou os continentes, valorizou a América Latina e a África, e ampliou as relações comerciais. Nosso país precisa voltar a ser ativo e altivo para ter uma política internacional de protagonismo novamente.

#BrasilDaEsperança 
??: ricardostuckert",https://www.instagram.com/reel/ChnULRCgOZ7/,instagram,VIDEO,197501,7895,0,16:49:25,0.0705847,Beard
12321,17975166748714572,Lula,2022-08-23,"Construímos nos governos do PT uma política externa que aproximou os continentes, valorizou a América Latina e a África, e ampliou as relações comerciais. Nosso país precisa voltar a ser ativo e altivo para ter uma política internacional de protagonismo novamente.

#BrasilDaEsperança 
??: ricardostuckert",https://www.instagram.com/reel/ChnULRCgOZ7/,instagram,VIDEO,197501,7895,0,16:49:25,0.0705847,Microphone
12322,17975166748714572,Lula,2022-08-23,"Construímos nos governos do PT uma política externa que aproximou os continentes, valorizou a América Latina e a África, e ampliou as relações comerciais. Nosso país precisa voltar a ser ativo e altivo para ter uma política internacional de protagonismo novamente.

#BrasilDaEsperança 
??: ricardostuckert",https://www.instagram.com/reel/ChnULRCgOZ7/,instagram,VIDEO,197501,7895,0,16:49:25,0.0705847,Chin
14354,17941329272366301,Lula,2022-10-05,"Pela democracia e pela inclusão social. Obrigado pelo seu voto e confiança, presidentefhc. O Brasil precisa de diálogo e de paz. Um grande abraço!",https://www.instagram.com/p/CjVhcLmOwPR/,instagram,IMAGE,531102,12092,0,12:00:31,0.1999247,Event
14355,17941329272366301,Lula,2022-10-05,"Pela democracia e pela inclusão social. Obrigado pelo seu voto e confiança, presidentefhc. O Brasil precisa de diálogo e de paz. Um grande abraço!",https://www.instagram.com/p/CjVhcLmOwPR/,instagram,IMAGE,531102,12092,0,12:00:31,0.1999247,Coat
14356,17941329272366301,Lula,2022-10-05,"Pela democracia e pela inclusão social. Obrigado pelo seu voto e confiança, presidentefhc. O Brasil precisa de diálogo e de paz. Um grande abraço!",https://www.instagram.com/p/CjVhcLmOwPR/,instagram,IMAGE,531102,12092,0,12:00:31,0.1999247,Outerwear
14357,17941329272366301,Lula,2022-10-05,"Pela democracia e pela inclusão social. Obrigado pelo seu voto e confiança, presidentefhc. O Brasil precisa de diálogo e de paz. Um grande abraço!",https://www.instagram.com/p/CjVhcLmOwPR/,instagram,IMAGE,531102,12092,0,12:00:31,0.1999247,Suit
14358,17941329272366301,Lula,2022-10-05,"Pela democracia e pela inclusão social. Obrigado pelo seu voto e confiança, presidentefhc. O Brasil precisa de diálogo e de paz. Um grande abraço!",https://www.instagram.com/p/CjVhcLmOwPR/,instagram,IMAGE,531102,12092,0,12:00:31,0.1999247,Sharing
14359,17941329272366301,Lula,2022-10-05,"Pela democracia e pela inclusão social. Obrigado pelo seu voto e confiança, presidentefhc. O Brasil precisa de diálogo e de paz. Um grande abraço!",https://www.instagram.com/p/CjVhcLmOwPR/,instagram,IMAGE,531102,12092,0,12:00:31,0.1999247,Font
14360,17941329272366301,Lula,2022-10-05,"Pela democracia e pela inclusão social. Obrigado pelo seu voto e confiança, presidentefhc. O Brasil precisa de diálogo e de paz. Um grande abraço!",https://www.instagram.com/p/CjVhcLmOwPR/,instagram,IMAGE,531102,12092,0,12:00:31,0.1999247,Gesture
14361,17941329272366301,Lula,2022-10-05,"Pela democracia e pela inclusão social. Obrigado pelo seu voto e confiança, presidentefhc. O Brasil precisa de diálogo e de paz. Um grande abraço!",https://www.instagram.com/p/CjVhcLmOwPR/,instagram,IMAGE,531102,12092,0,12:00:31,0.1999247,Tie
15678,17964811171962601,Lula,2022-10-26,"Há quatro anos os brasileiros não têm aumento de salário mínimo. Meu compromisso é fazer o Brasil voltar a ter aumento real de salário mínimo todo ano para que as pessoas recuperem o poder de compra. O povo precisa viver bem, comer bem e morar dignamente. #BrasilDaEsperança

??: ricardostuckert",https://www.instagram.com/reel/CkMB0PbJPUz/,instagram,VIDEO,181762,5641,0,16:03:03,0.0644825,Event
15679,17964811171962601,Lula,2022-10-26,"Há quatro anos os brasileiros não têm aumento de salário mínimo. Meu compromisso é fazer o Brasil voltar a ter aumento real de salário mínimo todo ano para que as pessoas recuperem o poder de compra. O povo precisa viver bem, comer bem e morar dignamente. #BrasilDaEsperança

??: ricardostuckert",https://www.instagram.com/reel/CkMB0PbJPUz/,instagram,VIDEO,181762,5641,0,16:03:03,0.0644825,Font
15680,17964811171962601,Lula,2022-10-26,"Há quatro anos os brasileiros não têm aumento de salário mínimo. Meu compromisso é fazer o Brasil voltar a ter aumento real de salário mínimo todo ano para que as pessoas recuperem o poder de compra. O povo precisa viver bem, comer bem e morar dignamente. #BrasilDaEsperança

??: ricardostuckert",https://www.instagram.com/reel/CkMB0PbJPUz/,instagram,VIDEO,181762,5641,0,16:03:03,0.0644825,Recreation
15681,17964811171962601,Lula,2022-10-26,"Há quatro anos os brasileiros não têm aumento de salário mínimo. Meu compromisso é fazer o Brasil voltar a ter aumento real de salário mínimo todo ano para que as pessoas recuperem o poder de compra. O povo precisa viver bem, comer bem e morar dignamente. #BrasilDaEsperança

??: ricardostuckert",https://www.instagram.com/reel/CkMB0PbJPUz/,instagram,VIDEO,181762,5641,0,16:03:03,0.0644825,Sharing
15682,17964811171962601,Lula,2022-10-26,"Há quatro anos os brasileiros não têm aumento de salário mínimo. Meu compromisso é fazer o Brasil voltar a ter aumento real de salário mínimo todo ano para que as pessoas recuperem o poder de compra. O povo precisa viver bem, comer bem e morar dignamente. #BrasilDaEsperança

??: ricardostuckert",https://www.instagram.com/reel/CkMB0PbJPUz/,instagram,VIDEO,181762,5641,0,16:03:03,0.0644825,Motor vehicle
15683,17964811171962601,Lula,2022-10-26,"Há quatro anos os brasileiros não têm aumento de salário mínimo. Meu compromisso é fazer o Brasil voltar a ter aumento real de salário mínimo todo ano para que as pessoas recuperem o poder de compra. O povo precisa viver bem, comer bem e morar dignamente. #BrasilDaEsperança

??: ricardostuckert",https://www.instagram.com/reel/CkMB0PbJPUz/,instagram,VIDEO,181762,5641,0,16:03:03,0.0644825,Chair
15684,17964811171962601,Lula,2022-10-26,"Há quatro anos os brasileiros não têm aumento de salário mínimo. Meu compromisso é fazer o Brasil voltar a ter aumento real de salário mínimo todo ano para que as pessoas recuperem o poder de compra. O povo precisa viver bem, comer bem e morar dignamente. #BrasilDaEsperança

??: ricardostuckert",https://www.instagram.com/reel/CkMB0PbJPUz/,instagram,VIDEO,181762,5641,0,16:03:03,0.0644825,Leisure
15685,17964811171962601,Lula,2022-10-26,"Há quatro anos os brasileiros não têm aumento de salário mínimo. Meu compromisso é fazer o Brasil voltar a ter aumento real de salário mínimo todo ano para que as pessoas recuperem o poder de compra. O povo precisa viver bem, comer bem e morar dignamente. #BrasilDaEsperança

??: ricardostuckert",https://www.instagram.com/reel/CkMB0PbJPUz/,instagram,VIDEO,181762,5641,0,16:03:03,0.0644825,Suit
15686,17964811171962601,Lula,2022-10-26,"Há quatro anos os brasileiros não têm aumento de salário mínimo. Meu compromisso é fazer o Brasil voltar a ter aumento real de salário mínimo todo ano para que as pessoas recuperem o poder de compra. O povo precisa viver bem, comer bem e morar dignamente. #BrasilDaEsperança

??: ricardostuckert",https://www.instagram.com/reel/CkMB0PbJPUz/,instagram,VIDEO,181762,5641,0,16:03:03,0.0644825,Trousers
15687,17964811171962601,Lula,2022-10-26,"Há quatro anos os brasileiros não têm aumento de salário mínimo. Meu compromisso é fazer o Brasil voltar a ter aumento real de salário mínimo todo ano para que as pessoas recuperem o poder de compra. O povo precisa viver bem, comer bem e morar dignamente. #BrasilDaEsperança

??: ricardostuckert",https://www.instagram.com/reel/CkMB0PbJPUz/,instagram,VIDEO,181762,5641,0,16:03:03,0.0644825,Hat
